Changes made at Sat Aug  9 05:58:18 UTC 2025
Changes made at Thu Nov 20 13:37:59 UTC 2025
Changes made at Thu Nov 20 14:25:36 UTC 2025
Changes made at Thu Nov 20 16:32:43 UTC 2025
Changes made at Fri Nov 21 08:34:50 UTC 2025
Changes made at Fri Nov 21 10:26:19 UTC 2025
Changes made at Fri Nov 21 14:23:58 UTC 2025
Changes made at Fri Nov 21 16:30:18 UTC 2025
Changes made at Sat Nov 22 08:29:51 UTC 2025
Changes made at Sat Nov 22 10:23:39 UTC 2025
Changes made at Sat Nov 22 14:20:29 UTC 2025
Changes made at Sat Nov 22 16:28:14 UTC 2025
Changes made at Sun Nov 23 08:30:13 UTC 2025
Changes made at Sun Nov 23 10:23:46 UTC 2025
Changes made at Sun Nov 23 14:20:36 UTC 2025
Changes made at Sun Nov 23 16:28:18 UTC 2025
Changes made at Mon Nov 24 08:35:42 UTC 2025
Changes made at Mon Nov 24 10:28:57 UTC 2025
Changes made at Mon Nov 24 14:26:23 UTC 2025
Changes made at Mon Nov 24 16:28:59 UTC 2025
Changes made at Tue Nov 25 08:34:45 UTC 2025
Changes made at Tue Nov 25 10:30:01 UTC 2025
